"TargetModule","Coverage"
"algorithms.dp.buy_sell_stock","1.0"
"algorithms.dp.climbing_stairs","1.0"
"algorithms.dp.coin_change","1.0"
"algorithms.dp.combination_sum","1.0"
"algorithms.dp.edit_distance","1.0"
"algorithms.dp.egg_drop","1.0"
"algorithms.dp.fib","1.0"
"algorithms.dp.hosoya_triangle","1.0"
"algorithms.dp.house_robber","1.0"
"algorithms.dp.int_divide","1.0"
"algorithms.dp.coin_change","1.0"
"algorithms.dp.buy_sell_stock","1.0"
"algorithms.dp.edit_distance","1.0"
"algorithms.dp.house_robber","1.0"
"algorithms.dp.climbing_stairs","1.0"
"algorithms.dp.fib","1.0"
"algorithms.dp.knapsack","1.0"
"algorithms.dp.combination_sum","1.0"
"algorithms.dp.longest_common_subsequence","1.0"
"algorithms.dp.hosoya_triangle","1.0"
"algorithms.dp.int_divide","1.0"
"algorithms.dp.max_subarray","1.0"
"algorithms.dp.egg_drop","1.0"
"algorithms.dp.planting_trees","1.0"
"algorithms.dp.regex_matching","1.0"
"algorithms.dp.rod_cut","1.0"
"algorithms.dp.matrix_chain_order","0.9047619047619048"
"algorithms.dp.job_scheduling","0.8888888888888888"
"algorithms.dp.longest_increasing","0.7692307692307693"
"algorithms.dp.min_cost_path","0.625"
"algorithms.dp.num_decodings","0.9655172413793104"
"algorithms.dp.word_break","0.9"
"algorithms.dp.buy_sell_stock","1.0"
"algorithms.dp.edit_distance","1.0"
"algorithms.dp.house_robber","1.0"
"algorithms.dp.max_subarray","1.0"
"algorithms.dp.longest_common_subsequence","1.0"
"algorithms.dp.knapsack","1.0"
